[
  {
    "domain": "app.uniswap.org",
    "type": "evm"
  },
  {
    "domain": "pancakeswap.finance",
    "type": "evm"
  },
  {
    "domain": "sushi.com",
    "type": "evm"
  },
  {
    "domain": "quickswap.exchange",
    "type": "evm"
  },
  {
    "domain": "app.camelot.exchange",
    "type": "evm"
  },
  {
    "domain": "velodrome.finance",
    "type": "evm"
  },
  {
    "domain": "app.1inch.io",
    "type": "evm"
  },
  {
    "domain": "pump.fun",
    "type": "sol"
  },
  {
    "domain": "xxyy.io",
    "type": "sol"
  },
  {
    "domain": "gmgn.ai",
    "type":"sol"
  },
  {
    "domain": "jup.ag",
    "type":"sol"
  },
  {
    "domain": "orca.so",
    "type":"sol"
  },
  {
    "domain": "backpack.exchange",
    "type":"sol"
  },
  {
    "domain": "nftsniper.club",
    "type":"sol"
  },
  {
    "domain": "dbotx.com",
    "type":"sol"
  },
  {
    "domain": "bullx.io",
    "type":"sol"
  },
  {
    "domain": "photon-sol.tinyastro.io",
    "type":"sol"
  },
  {
    "domain": "okx.com",
    "type":"sol"
  },
  {
    "domain": "memego.ai",
    "type":"sol"
  },
  {
    "domain": "raydium.io",
    "type":"sol"
  },
  {
    "domain": "bridge.gopluslabs.io",
    "type": "evm"
  }
]
